{"cameraMode":{"drawMode":0,"name":"Shaded","section":"Shading Mode"},"sceneLighting":false,"audioPlay":false,"sceneViewState":{"m_AlwaysRefresh":false,"showFog":true,"showSkybox":false,"showFlares":true,"showImageEffects":true,"showParticleSystems":true,"showVisualEffectGraphs":true,"m_FxEnabled":true},"in2DMode":false,"pivot":{"x":-0.09579446911811829,"y":1.4060250520706177,"z":0.5448004007339478},"rotation":{"x":-0.06020190566778183,"y":0.04848988354206085,"z":-0.0029277000576257707,"w":-0.997007429599762},"size":1.3595211505889893,"orthographic":false}