{"cameraMode":{"drawMode":0,"name":"Shaded","section":"Shading Mode"},"sceneLighting":false,"audioPlay":false,"sceneViewState":{"m_AlwaysRefresh":false,"showFog":true,"showSkybox":false,"showFlares":true,"showImageEffects":true,"showParticleSystems":true,"showVisualEffectGraphs":true,"m_FxEnabled":true},"in2DMode":false,"pivot":{"x":0.6908194422721863,"y":0.8124740123748779,"z":-0.09322921186685562},"rotation":{"x":-0.14929495751857758,"y":0.5641555190086365,"z":-0.10458917915821076,"w":-0.8053001761436462},"size":1.9036221504211426,"orthographic":false}